{"IcoMoonType":"selection","icons":[{"icon":{"paths":["M64 192h896v192h-896zM64 448h896v192h-896zM64 704h896v192h-896z"],"tags":["menu","list","options","lines","hamburger"],"defaultCode":59837,"grid":16,"attrs":[]},"attrs":[],"properties":{"ligatures":"menu, list3","name":"menu","order":9,"id":190,"prevSize":32,"code":59837},"setIdx":0,"setId":1,"iconIdx":189},{"icon":{"width":1408,"paths":["M0 192h896v192h-896v-192zM0 448h896v192h-896v-192zM0 704h896v192h-896v-192z","M992 576l192 192 192-192z","M1376 512l-192-192-192 192z"],"tags":["menu","options","hamburger"],"defaultCode":59838,"grid":16,"attrs":[]},"attrs":[],"properties":{"ligatures":"menu2, options2","name":"menu2","order":10,"id":191,"prevSize":32,"code":59838},"setIdx":0,"setId":1,"iconIdx":190},{"icon":{"width":1408,"paths":["M0 192h896v192h-896v-192zM0 448h896v192h-896v-192zM0 704h896v192h-896v-192z","M992 448l192 192 192-192z"],"tags":["menu","options","hamburger"],"defaultCode":59839,"grid":16,"attrs":[]},"attrs":[],"properties":{"ligatures":"menu3, options3","name":"menu3","order":11,"id":192,"prevSize":32,"code":59839},"setIdx":0,"setId":1,"iconIdx":191}],"height":1024,"metadata":{"name":"icomoon"},"preferences":{"showGlyphs":true,"showQuickUse":true,"showQuickUse2":true,"showSVGs":true,"fontPref":{"prefix":"icon-","metadata":{"fontFamily":"icomoon"},"metrics":{"emSize":1024,"baseline":6.25,"whitespace":50},"embed":false},"imagePref":{"prefix":"icon-","png":true,"useClassSelector":true,"color":0,"bgColor":16777215,"classSelector":".icon","name":"icomoon","autoHost":true,"height":32,"columns":16,"margin":16},"historySize":50,"showCodes":true,"gridSize":16,"quickUsageToken":{"UntitledProject":"MGQwODYyNzNhOGMyYmU3YjNkOTgwZmEyZTczMmJiMDAjMSMxNTc1NDM3Nzk3IyMj"}}}